"신고항목별(1)",신고항목별(2),2005,2005,2005,2005,2006,2006,2006,2006,2007,2007,2007,2007,2008,2008,2008,2008,2009,2009,2009,2009,2010,2010,2010,2010,2011,2011,2011,2011,2012,2012,2012,2012,2013,2013,2013,2013,2014,2014,2014,2014,2015,2015,2015,2015,2016,2016,2016,2016,2017,2017,2017,2017,2018,2018,2018,2018,2019,2019,2019,2019,2020,2020,2020,2020
"신고항목별(1)",신고항목별(2),연말정산신고자,연말정산신고자,급여총계 상위 10%,급여총계 상위 10%,연말정산신고자,연말정산신고자,급여총계 상위 10%,급여총계 상위 10%,연말정산신고자,연말정산신고자,급여총계 상위 10%,급여총계 상위 10%,연말정산신고자,연말정산신고자,급여총계 상위 10%,급여총계 상위 10%,연말정산신고자,연말정산신고자,급여총계 상위 10%,급여총계 상위 10%,연말정산신고자,연말정산신고자,급여총계 상위 10%,급여총계 상위 10%,연말정산신고자,연말정산신고자,급여총계 상위 10%,급여총계 상위 10%,연말정산신고자,연말정산신고자,급여총계 상위 10%,급여총계 상위 10%,연말정산신고자,연말정산신고자,급여총계 상위 10%,급여총계 상위 10%,연말정산신고자,연말정산신고자,급여총계 상위 10%,급여총계 상위 10%,연말정산신고자,연말정산신고자,급여총계 상위 10%,급여총계 상위 10%,연말정산신고자,연말정산신고자,급여총계 상위 10%,급여총계 상위 10%,연말정산신고자,연말정산신고자,급여총계 상위 10%,급여총계 상위 10%,연말정산신고자,연말정산신고자,급여총계 상위 10%,급여총계 상위 10%,연말정산신고자,연말정산신고자,급여총계 상위 10%,급여총계 상위 10%,연말정산신고자,연말정산신고자,급여총계 상위 10%,급여총계 상위 10%
"신고항목별(1)",신고항목별(2),인원 (명),금액 (백만원),인원 (명),금액 (백만원),인원 (명),금액 (백만원),인원 (명),금액 (백만원),인원 (명),금액 (백만원),인원 (명),금액 (백만원),인원 (명),금액 (백만원),인원 (명),금액 (백만원),인원 (명),금액 (백만원),인원 (명),금액 (백만원),인원 (명),금액 (백만원),인원 (명),금액 (백만원),인원 (명),금액 (백만원),인원 (명),금액 (백만원),인원 (명),금액 (백만원),인원 (명),금액 (백만원),인원 (명),금액 (백만원),인원 (명),금액 (백만원),인원 (명),금액 (백만원),인원 (명),금액 (백만원),인원 (명),금액 (백만원),인원 (명),금액 (백만원),인원 (명),금액 (백만원),인원 (명),금액 (백만원),인원 (명),금액 (백만원),인원 (명),금액 (백만원),인원 (명),금액 (백만원),인원 (명),금액 (백만원),인원 (명),금액 (백만원),인원 (명),금액 (백만원),인원 (명),금액 (백만원),인원 (명),금액 (백만원)
"급여총계",소계,11903039,279372280,1190303,85739308,12594596,317872095,1262974,100536682,13376254,336480044,1337377,110206364,14045580,361878914,1404558,119405737,14294993,369570625,1429499,121671749,15176782,401086049,1517678,136053140,15540057,437838449,1554005,146941565,15768083,470771597,1576808,154403354,16359770,502944232,1635977,164514058,16687079,533726860,1668707,172102166,17333394,566729049,1733339,183573147,17740098,600099695,1774009,192812663,18005534,637616487,1800553,204236160,18577885,681611264,1857788,215282769,19167273,721686447,1916727,224536273,19495359,750265078,1949535,234911233
"과세소득(소득명세)",소계,-,-,-,-,-,-,-,-,-,-,-,-,13957784,353504946,1404477,116994429,14250112,362559549,1429402,119477572,15142639,396279843,1517665,134691615,15480508,433252885,1553996,145579839,15716146,466668652,1576792,152808992,16295073,498010967,1635960,162777970,16629769,528649147,1668695,170345582,17263158,562502512,1733327,182039966,17668285,595971801,1774004,191314268,17925345,633593460,1800547,202753111,18501089,677470021,1857784,213858087,19074871,717521625,1916715,223158049,19410638,746309379,1949518,233639727
"과세소득(소득명세)",급여,-,-,-,-,-,-,-,-,-,-,-,-,13944558,293251492,1404219,87672651,14236270,300807468,1429139,89351412,15128458,326936305,1517350,98596672,15465837,360634581,1553694,107809210,15699784,391259572,1576465,114731161,16276701,419052004,1635436,122585427,16612935,449142874,1668135,129560495,17245274,481235416,1732750,140008896,17647458,513046127,1773420,148030035,17905790,546654600,1800050,156321419,18482150,589621614,1857373,166129445,19053197,631706977,1916345,176698894,19388493,657585124,1949153,184847726
"과세소득(소득명세)",상여,-,-,-,-,-,-,-,-,-,-,-,-,7373984,59475818,1236951,28716106,7436893,60479658,1265315,29064594,7793422,68271811,1352067,35253611,8175011,71636088,1384588,37013497,8409992,74453162,1395127,37363357,8584646,77992858,1434724,39485573,8655800,78187357,1453373,39773075,8790825,79813968,1502909,40907996,8971128,81414900,1533609,42251657,9131684,84417510,1536859,44422047,9065254,86048270,1557462,46386091,9088329,84035925,1599746,45132484,9164300,86553539,1621712,47073588
"과세소득(소득명세)",인정상여,-,-,-,-,-,-,-,-,-,-,-,-,251248,411396,110863,242372,253618,421273,102636,253289,258009,463360,115027,288890,262310,467157,114047,284009,268023,517161,112693,321783,286029,515981,115221,303089,287841,668923,123910,416358,285447,744814,122012,479219,355026,1017026,147429,604783,374399,1142293,147268,711173,369017,990112,142286,602238,358474,982111,136599,593496,345998,1023883,129841,636557
"과세소득(소득명세)",주식매수선택권행사이익,-,-,-,-,-,-,-,-,-,-,-,-,2299,366240,1324,363300,6544,688336,4835,682411,5443,435293,3633,427681,7057,394345,4522,380676,8079,331040,4843,315920,7373,310600,4754,297281,6022,418716,3995,408425,7516,435335,4743,422575,8014,323596,5036,308871,8843,1124443,6242,1114583,9745,550512,6491,539520,9253,564218,6751,548493,12216,889246,9241,874975
"과세소득(소득명세)",우리사주조합인출금,-,-,-,-,-,-,-,-,-,-,-,-,-,-,-,-,48019,162814,30721,125866,42704,173074,24999,124760,31895,120714,21943,92446,26834,107717,16416,76771,31719,109256,19993,77036,36498,152386,22284,109482,37109,143860,23076,95228,39288,140779,23850,90865,54217,193643,31840,124772,38840,175084,24111,118804,30992,126777,18240,81607,45671,149177,26190,101420
"과세소득(소득명세)",임원 퇴직소득금액 한도초과액,-,-,-,-,-,-,-,-,-,-,-,-,-,-,-,-,-,-,-,-,-,-,-,-,-,-,-,-,-,-,-,-,460,30268,213,29563,758,78891,458,77747,1630,129119,1086,126052,524,29373,253,28057,665,60970,362,59117,613,53798,417,52572,622,76724,435,75125,857,74751,605,73025
"과세소득(소득명세)",직무발명보상금,-,-,-,-,-,-,-,-,-,-,-,-,-,-,-,-,-,-,-,-,-,-,-,-,-,-,-,-,-,-,-,-,-,-,-,-,-,-,-,-,-,-,-,-,-,-,-,-,-,-,-,-,1822,30630,1531,29416,1476,28893,1275,27950,1703,33660,1446,32435
"비과세소득",소계,-,11985096,-,2296321,11209607,24244355,1175457,5820268,5983820,11670699,893847,3082325,4684670,9283777,743442,2769172,3947535,8108905,654360,2587085,2593972,4798143,401692,1353594,2385866,4573025,391321,1349294,1894149,4087966,384575,1579498,2114467,4916910,397832,1719827,2120097,5067798,396049,1745980,1922909,4219672,378177,1525650,1880514,4109242,377083,1479878,1857926,4005037,389627,1465145,1984218,4122923,376994,1406463,2072102,4155522,375457,1368979,2076902,3948298,367646,1264162
"비과세소득",연구활동비,-,-,-,-,-,-,-,-,270025,335043,124936,201073,299167,371936,131510,214795,359401,425687,163014,242868,387656,459991,162324,246847,380345,474577,161721,249674,418630,515035,172557,261927,436140,509700,176918,256618,441249,561097,174955,266322,645880,671414,220994,273086,657922,703385,216637,274797,674470,731603,219542,281211,684563,738603,216272,276836,700871,762232,216661,282190,706457,774940,210552,277648
"비과세소득",국외근로수당,54579,638619,15367,217594,60414,527098,21468,220049,65330,577133,23395,239024,77487,708899,29687,321546,82942,903178,32448,483403,87103,948244,35311,512838,96090,1038245,38930,553300,104081,1545462,43237,872444,112554,1854889,46327,994000,117564,1936212,48237,1027563,115127,1882139,47258,1021565,111616,1867142,44689,993399,105187,1746624,42341,927552,102408,1674649,42725,895226,100218,1646047,41218,877542,89645,1370563,33807,727368
"비과세소득",야간근로수당,1174863,1498311,12408,7607,1121884,1435021,6682,4828,1045346,1362116,12786,10639,927589,1164473,749,327,817867,974266,1387,892,825386,961489,3141,2699,753260,847635,2773,1796,406754,402691,1694,1632,572640,863378,1903,1796,563805,860074,1925,1833,510329,777543,1328,1240,447978,666255,1310,1278,383975,534105,1988,1405,521326,733390,840,898,581524,791130,816,924,598823,783532,768,1029
"비과세소득",출산보육수당,-,-,-,-,-,-,-,-,-,-,-,-,286237,135365,43989,25912,368649,181465,56492,34658,416039,213179,70682,45382,420091,229970,71147,48519,473116,264421,74534,52466,484222,276104,74764,52259,480641,276265,71307,49602,478973,279497,74564,53483,491732,286629,75754,53995,494426,331801,76174,57243,488184,341420,75980,59846,481366,335689,76675,60122,470215,328019,74282,59931
"비과세소득",외국인근로자,-,-,-,-,-,-,-,-,-,-,-,-,155741,909809,8846,357864,195066,1097830,10041,392908,**,**,**,**,-,-,-,-,-,-,-,-,-,-,-,-,-,-,-,-,-,-,-,-,-,-,-,-,-,-,-,-,-,-,-,-,-,-,-,-,-,-,-,-
"비과세소득",그밖의 비과세,6323510,9848166,826362,2071120,11036893,22282236,1171366,5595391,5144675,9396407,865428,2631589,3426282,5993295,638222,1848728,2535902,4526480,472673,1432355,1067853,2215240,163202,545828,899457,1982599,142996,496005,670835,1360357,118647,391029,690467,1412839,124509,415154,694921,1434150,123855,400661,300866,609079,56286,176276,306290,585831,59535,156409,335634,660903,75385,197734,319236,634861,66076,173657,336774,620424,64214,148201,337683,691245,72991,198186
"과세대상 근로소득(총급여)",소계,11868591,267387184,1190303,83442987,12567609,293627740,1262974,94716414,13292795,324809345,1337377,107124039,13957784,352638103,1404477,116676797,14250112,361466457,1429402,119089330,15142639,396289348,1517665,134700933,15480508,433266649,1553996,145593488,15716148,466684972,1576793,152825195,16295073,498028290,1635960,162795196,16629769,528660069,1668695,170357190,17263158,562509592,1733327,182047707,17668285,595990661,1774004,191332973,17925345,633611675,1800547,202771237,18501089,677488617,1857784,213876583,19074871,717531015,1916715,223167385,19410638,746316834,1949518,233647124
"근로소득공제",소계,11868591,107626419,1190303,17855356,12567609,115040100,1262974,19259402,13292795,123488559,1337377,20735788,13956715,131411236,1403562,21942535,14248434,121600195,1428029,20912126,15137375,129680800,1512934,22552009,15474024,138698549,1548255,23452272,15709043,146985676,1570431,24040241,16287199,154305291,1628921,25137524,16620904,142520539,1661028,23848937,17253850,149479356,1725426,24963795,17659506,155997118,1766091,25720964,17918773,161905671,1794322,26393540,18495748,170568083,1852791,27417089,19071534,178745618,1913560,28411399,19407594,183035547,1946624,29086706
"근로소득금액",소계,9521602,159760765,1190303,65587631,10093341,178587640,1262974,75457012,10748667,201320786,1337377,86388251,11381569,221226867,1404443,94734262,14250112,239866262,1429402,98177204,15142639,266608547,1517665,112148924,15480508,294568100,1553996,122141216,15716148,319699296,1576793,128784955,16295073,343723000,1635960,137657671,16629769,386139530,1668695,146508253,17263158,413030236,1733327,157083913,17668285,439993543,1774004,165612010,17924798,471706004,1800547,176377698,18500635,506920533,1857784,186459494,19073835,538785398,1916715,194755986,19410049,563281287,1949518,204560418
"소득공제",소계,-,76240969,-,18508281,10093304,83121443,1262967,23406275,10748667,89288578,1337377,26153566,11380525,103178953,1403528,29966739,14248601,118548097,1428029,33139920,15137598,121951157,1512934,33833902,15474516,132727695,1548255,36668846,15709506,140474342,1570432,37587291,16287642,146493825,1628921,38894990,16621624,108500001,1661028,25244226,17324963,115549539,1725438,26418661,17659863,119202171,1766091,27753388,17918226,124908085,1794322,28683550,18495294,132089583,1852791,29884180,19070498,140106277,1913560,31696697,19407005,153869728,1946624,33386368
"인적공제",소계,-,32305862,-,5803956,10091936,34238604,1262174,7036983,10747161,32813807,1336489,7681844,11379701,35193731,1403352,8212502,14246969,46995515,1427915,10083710,15136567,48766566,1512856,10604663,15473811,52096976,1548194,11238862,15708479,53820989,1570342,11272346,16286961,54982506,1628852,11406412,16621624,50591325,1661028,10210801,17324963,54061823,1725438,10580578,17659863,52568172,1766091,10742304,17918226,53013604,1794322,10780669,18495294,54191007,1852791,10986550,19070498,55146874,1913560,11183236,19407005,55338482,1946624,11119035
"인적공제",기본공제,9519934,21592386,1189424,4087597,10091554,22527704,1262170,4783173,10747145,23813535,1336489,5034015,11379683,25018448,1403352,5276912,14246964,38730574,1427915,7789208,15136564,40072843,1512856,8136025,15473805,41618478,1548194,8263608,15708476,42886856,1570342,8252751,16286958,43781282,1628852,8333239,16621624,44729728,1661028,8383931,17324963,47855837,1725438,8638302,17659863,46416061,1766091,8726006,17918226,46670435,1794322,8715064,18495294,47570220,1852791,8837686,19070498,48283443,1913560,8957449,19407005,48387351,1946624,8886086
"인적공제",추가공제,3659803,6441374,706070,1441408,3904628,7030039,848125,2036431,4260044,7722130,907852,2254736,4593860,8851856,959801,2528672,4346354,6983841,908690,1896046,4607880,7391316,965499,2062859,4915956,7836373,1001605,2165180,5231940,8259443,1028337,2226856,5485355,8508979,1065962,2286319,4153077,5861597,828474,1826870,4338393,6205987,869854,1942276,4217026,6152111,896173,2016298,4315830,6343168,913301,2065605,4473632,6620787,940486,2148864,4635990,6863431,971725,2225787,4682101,6951131,977160,2232950
"인적공제",소수공제 추가공제,5152292,4272102,373213,274951,5599440,4680861,308526,217379,-,-,-,-,-,-,-,-,-,-,-,-,-,-,-,-,-,-,-,-,-,-,-,-,-,-,-,-,-,-,-,-,-,-,-,-,-,-,-,-,-,-,-,-,-,-,-,-,-,-,-,-,-,-,-,-
"인적공제",다자녀 추가공제,-,-,-,-,-,-,-,-,2061939,1278142,623123,393093,2132149,1323427,643069,406918,2065701,1281099,629271,398456,2092730,1302407,642768,405779,2130296,2642125,640306,810075,2146811,2674690,625693,792739,2153446,2692244,620700,786854,**,**,**,**,-,-,-,-,-,-,-,-,-,-,-,-,-,-,-,-,-,-,-,-,-,-,-,-
"국민연금보험료",소계,-,-,-,-,-,-,-,-,7139347,7431480,858376,1651212,8046419,8616588,990455,1918260,8465521,8930288,1016279,1959922,9116887,9605597,1144259,2221763,9747467,10470842,1162746,2304117,10328361,11462673,1185058,2408873,10806586,12383623,1227756,2571430,11689467,13461253,1265085,2710440,12151446,14224040,1297356,2855052,12514291,15155183,1321390,2998711,12703416,16105022,1336992,3149659,13185966,17207098,1388912,3398012,13586077,18411637,1433585,3645096,13638201,19392125,1456757,3844026
"연금보험료 공제",소계,7197450,9001508,1111586,2359111,7826427,9894323,1187586,2603013,1885613,3556780,401900,1137806,1538578,3166546,332226,1021805,1489198,3134844,324268,1019722,1419967,3625872,276921,1050884,1427445,4019164,284602,1184232,1437227,4376190,283329,1285337,1438058,4605112,289885,1376535,1460363,4822616,287658,1421239,1480610,5085238,312327,1587277,1516135,6025482,332408,1952842,1540573,6602710,337917,2133129,1589030,7133372,338463,2261513,1636161,7642159,346497,2414851,1669178,8123051,348322,2525608
"연금계좌소득공제",소계,-,-,-,-,-,-,-,-,-,-,-,-,-,-,-,-,-,-,-,-,-,-,-,-,-,-,-,-,-,-,-,-,2445045,6490169,1005439,3155979,**,**,**,**,-,-,-,-,-,-,-,-,-,-,-,-,-,-,-,-,-,-,-,-,-,-,-,-
"연금계좌소득공제",퇴직연금소득(보험료)공제,410,442,53,71,3027,4367,476,977,7089,10317,1069,2032,11943,18866,2296,4634,15844,24521,4023,7582,19409,32550,8585,16301,25489,50593,11760,27958,83691,76052,36426,44723,60370,102089,27117,62889,**,**,**,**,-,-,-,-,-,-,-,-,-,-,-,-,-,-,-,-,-,-,-,-,-,-,-,-
"연금계좌소득공제",연금저축소득공제,-,-,-,-,-,-,-,-,-,-,-,-,-,-,-,-,-,-,-,-,-,-,-,-,-,-,-,-,-,-,-,-,2405030,6388080,990473,3093090,**,**,**,**,-,-,-,-,-,-,-,-,-,-,-,-,-,-,-,-,-,-,-,-,-,-,-,-
"특별 공제",소계,-,23923120,-,7467268,5809432,26603993,1256718,9906102,6441026,30277262,1331622,11138169,7024947,34475871,1397004,12509560,7261627,37047796,1420938,13615306,7654454,39402695,1507667,14492450,8212218,43125817,1543502,15777588,8764771,45249968,1565369,16144785,9254545,47235042,1623291,16595547,9474209,19500229,1653949,6920253,9796113,20525596,1718259,7232629,10313136,22378173,1759536,7743290,10882971,24196475,1787794,8174256,11529185,27080609,1847054,8979660,12182704,30510309,1906958,9984240,12652041,33331518,1940325,10741020
"특별 공제",보험료,5377092,9780573,1171400,2978014,5806009,10951929,1256516,3442729,6436670,12598356,1331345,3921848,7021270,14453075,1396626,4503356,7258555,15304534,1420628,4738814,7651931,16564757,1507474,5208045,8209802,19070250,1543276,6094502,8762343,21045193,1565133,6582864,9252060,22746334,1623007,7039483,9469786,15908949,1653749,5951200,9791518,16975592,1718050,6366118,10308510,18412927,1759360,6832964,10879171,19751731,1787585,7187168,11525038,21737924,1846881,7844885,12178061,24445628,1906753,8724182,12646700,27051120,1940087,9500472
"특별 공제",의료비,1467780,2818110,249612,571457,1471744,2758047,329021,912947,1815262,3655471,387310,1199685,2444387,5056255,517583,1649677,2651207,5502348,552542,1778163,2787837,5786090,578260,1844559,3061724,6399944,607143,1972814,3256893,6879103,616983,2045995,3399426,7233275,628724,2114630,**,**,**,**,-,-,-,-,-,-,-,-,-,-,-,-,-,-,-,-,-,-,-,-,-,-,-,-
"특별 공제",교육비,2023319,5699235,558136,1694531,2113517,6119317,699341,2434307,2247711,6718600,747256,2720204,2855178,8323489,936644,3393368,2823965,9500586,932131,3993180,2926199,9933018,971667,4172333,2968829,9901168,987353,4241004,2951780,9350826,972384,4071249,3053926,9208449,991164,4057418,**,**,**,**,-,-,-,-,-,-,-,-,-,-,-,-,-,-,-,-,-,-,-,-,-,-,-,-
"특별 공제",주택임차차입금,1302432,1905630,331844,627165,1480530,2421588,417315,944431,1645328,2994234,450822,1133421,40518,36361,5382,6756,56699,61208,5383,6983,153361,197151,11563,18324,208095,268631,16167,27025,266501,357272,20505,36884,301093,415413,24312,44322,389196,564333,35367,65080,434743,666705,43722,84480,476724,738448,48901,96643,525604,818126,55024,114062,623775,984065,64303,139941,766302,1187581,69353,156215,893437,1315130,78365,169509
"특별 공제",월세액,-,-,-,-,-,-,-,-,-,-,-,-,-,-,-,-,-,-,-,-,14939,14401,-,-,14810,14992,1,1,93470,106888,17,15,116800,162524,10,13,**,**,**,**,-,-,-,-,-,-,-,-,-,-,-,-,-,-,-,-,-,-,-,-,-,-,-,-
"특별 공제",장기주택저당차입금,-,-,-,-,-,-,-,-,-,-,-,-,744492,2189429,206110,715461,782156,2041899,216633,668216,792407,2051714,222455,672636,831484,2285868,219513,713558,675581,1969675,167739,567923,778251,1884878,172028,491244,907824,2252275,195826,552834,1084036,2590437,238253,651731,1239658,3099386,261483,759214,1358771,3571303,275396,849012,1492996,4338207,291191,986534,1620721,4869724,311491,1100973,1746184,4962150,317495,1069773
"특별 공제",기부금,3101566,3578205,932087,1596101,3341794,4204450,1029504,2171688,3483207,4154752,1076944,2163011,3634599,4274666,1132563,2240943,3931704,4637220,1190227,2429950,4118176,4855563,1271731,2576554,4428337,5184963,1320927,2728684,4709343,5541012,1333474,2839855,4923854,5584169,1393436,2848438,334616,774671,78180,351139,102023,292862,22778,130302,41041,127412,8701,54469,16679,55315,3429,24014,6530,20414,1229,8300,2477,7375,385,2870,924,3118,123,1266
"특별 공제",혼인ㆍ이사ㆍ장례비,130465,141367,-,-,136311,148662,-,-,142541,155849,-,-,132201,142596,-,-,**,**,**,**,**,**,**,**,-,-,-,-,-,-,-,-,-,-,-,-,-,-,-,-,-,-,-,-,-,-,-,-,-,-,-,-,-,-,-,-,-,-,-,-,-,-,-,-
"표준공제",소계,2177350,1778015,18383,18383,2257370,1847968,6256,6256,2928005,2468765,5754,5754,2948815,2485443,6478,6472,3216446,2776694,7051,7050,3469996,3029429,5230,5228,3621697,3179496,4731,4728,3732630,3308337,5041,5026,3821965,3398470,5615,5605,**,**,**,**,-,-,-,-,-,-,-,-,-,-,-,-,-,-,-,-,-,-,-,-,-,-,-,-
"조특법상 소득공제",소계,-,9232022,-,2859492,5262059,10532188,1161091,3852944,5913024,12730167,1239859,4536749,6401470,19221908,1300990,6293506,6614561,19638439,1322145,6446629,6809854,17488448,1376154,5442613,7248810,19784806,1416310,6131362,7766045,22180132,1433853,6426202,7808759,17398903,1319690,3783483,8429675,20124578,1341595,3981493,8749152,21652842,1383946,4163124,9273311,23075161,1415242,4316241,9841861,24990274,1445902,4445837,10433595,26477496,1482842,4258445,10999765,28395298,1529080,4469273,11265151,37684552,1502222,5156680
"조특법상 소득공제",개인연금저축 소득공제,871647,409454,437330,223000,752806,353162,423760,215732,630380,299597,372795,190407,574452,281324,346622,182759,503283,239651,315573,162721,446245,215103,299088,155707,375752,188478,263077,140908,343079,174837,242797,132023,354473,187920,234300,130344,328046,173099,221721,122712,296070,155702,206018,114286,261498,140072,184902,104715,240798,130199,173038,98445,221294,121063,161496,93039,205195,112471,150253,87252,187018,102880,136813,79777
"조특법상 소득공제",연금저축 소득공제,723660,1218075,297117,585177,995096,1994077,459106,1085078,1305714,2764420,596200,1450691,1518064,3236059,667285,1637799,1698839,3655487,729000,1816411,1891086,4177145,823429,2066268,2176857,5422422,910119,2697643,2373093,6105900,955042,2932747,**,**,**,**,-,-,-,-,-,-,-,-,-,-,-,-,-,-,-,-,-,-,-,-,-,-,-,-,-,-,-,-
"조특법상 소득공제",소기업 소상공인 공제,-,-,-,-,-,-,-,-,537,498,189,205,2228,4080,896,1758,4390,8454,2064,4132,5705,13650,2522,6649,12094,25495,5390,12726,25038,43746,10791,21989,40526,76822,17780,38617,51022,114672,22110,55600,68845,151891,29125,72690,76743,177231,29551,76666,90517,193201,32575,70795,105727,232149,35583,75475,112669,251836,36369,77436,122030,274362,36590,77287
"조특법상 소득공제",주택마련저축,-,-,-,-,-,-,-,-,-,-,-,-,1397029,1542492,358644,632466,1367559,1548634,358009,637355,1130193,1205253,268841,427661,975589,943519,212423,311606,890376,820999,182505,253386,545223,201007,81345,32760,570178,212343,83428,34152,616578,280794,76419,31793,637508,293766,68769,28471,685372,307008,63013,25783,694423,303978,990,506,784460,332608,764,380,928382,407324,633,311
"조특법상 소득공제",투자조합출자 소득공제,2180,11054,866,7123,2321,13877,1225,11757,2098,10662,1018,9093,1369,5181,637,4114,967,3841,450,3259,778,2520,385,2069,594,2124,317,1735,636,2817,289,2284,870,6279,456,5123,1295,13372,644,11045,1880,31688,1165,26706,3576,51208,2155,41548,5267,68279,3237,55035,11059,138555,7118,114137,22460,207868,13242,169554,23074,257110,13561,214756
"조특법상 소득공제",신용카드 소득공제,4410349,7422300,904527,1947369,5055503,7894799,1068127,2356367,5704731,9401010,1145039,2710242,6072779,13952687,1171874,3693455,6253955,13839775,1178649,3616919,6305853,11563159,1147073,2591635,6739692,12828035,1183177,2748435,7246023,14886974,1196309,2993274,7645693,16642766,1230475,3356780,8252634,19194108,1253415,3534785,8564504,20647425,1296474,3735041,9102086,22011216,1334306,3873310,9677324,23934573,1368400,3998618,10277093,25260929,1415917,3749742,10840455,27108217,1462759,3912336,11073656,36158855,1425512,4477090
"조특법상 소득공제",우리사주조합소득공제,59390,171139,33147,96823,82456,276273,52109,184010,78454,253980,50798,176111,61264,189717,39699,134499,71406,224442,40545,141545,66650,197216,39437,128086,98235,323318,54882,188503,49721,132481,28207,83421,83972,283810,60806,219819,102858,350403,62198,221955,89058,284495,53534,180931,91197,304706,55380,189578,84099,267247,57468,194776,106214,334845,67258,223391,105068,309183,69738,220279,133964,423589,90931,306145
"조특법상 소득공제",우리사주조합기부금,-,-,-,-,-,-,-,-,-,-,-,-,-,-,-,-,-,-,-,-,-,-,-,-,-,-,-,-,-,-,-,-,-,-,-,-,3314,1559,667,502,-,-,-,-,-,-,-,-,-,-,-,-,-,-,-,-,-,-,-,-,-,-,-,-
"조특법상 소득공제",장기주식형저축소득공제,-,-,-,-,-,-,-,-,-,-,-,-,49285,10368,23769,6656,250050,112998,100370,63565,211901,114256,92630,64521,177716,51200,82240,29799,104202,12162,48226,7074,**,**,**,**,-,-,-,-,-,-,-,-,-,-,-,-,-,-,-,-,-,-,-,-,-,-,-,-,-,-,-,-
"조특법상 소득공제",고용유지 중소기업근로자,-,-,-,-,-,-,-,-,-,-,-,-,-,-,-,-,-,-,-,-,88,146,6,18,93,215,5,7,145,217,4,4,204,299,9,39,207,275,7,21,65,239,5,9,101,165,4,5,90,214,1,10,71,200,7,29,166,433,11,77,678,1246,22,76
"조특법상 소득공제",목돈 안드는 전세 이자상환액,-,-,-,-,-,-,-,-,-,-,-,-,-,-,-,-,-,-,-,-,-,-,-,-,-,-,-,-,-,-,-,-,-,-,-,-,347,300,22,27,376,335,38,46,-,-,-,-,-,-,-,-,-,-,-,-,-,-,-,-,-,-,-,-
"조특법상 소득공제",장기집합투자증권저축,-,-,-,-,-,-,-,-,-,-,-,-,-,-,-,-,-,-,-,-,-,-,-,-,-,-,-,-,-,-,-,-,-,-,-,-,125408,64447,727,694,142952,100275,1404,1622,117176,96797,1586,1948,102681,89553,1950,2375,94025,85777,1737,2126,80836,72681,1654,1958,64686,59186,1046,1237
"소득공제 종합한도 초과액",소계,-,-,-,-,-,-,-,-,-,-,-,-,-,-,-,-,-,-,-,-,-,-,-,-,-,-,-,-,-,-,-,-,10267,46378,8002,40038,168,3831,158,3794,493,9852,454,9753,686,14147,627,13930,844,17663,730,17248,2112,39286,1869,38215,387,10219,353,10070,409,9020,372,8870
"과세표준",소계,6106693,83519796,1190303,47079350,6620551,95466197,1262114,52050737,7748670,112032208,1336514,60234685,7981000,118047914,1402908,64767523,8541168,121318165,1427356,65037285,9244424,144657391,1516493,78315021,9934987,161840405,1553061,85472370,10612293,179224954,1575916,91197664,11238611,197275553,1635340,98802719,14190353,277643360,1668662,121267821,14878641,299607449,1733298,130675042,15419516,320805519,1773981,137872552,15785463,346815582,1800541,147711397,16470280,374870237,1857766,156613529,17102113,398689340,1916691,163069359,17317094,409420579,1949488,171182920
"산출세액",소계,6101351,11756958,1190303,8198568,6615278,13747260,1262092,9320461,7745865,16585854,1336514,11214415,7976378,16714787,1402893,11496640,8537077,15262726,1427337,10765629,9241092,18293612,1516491,12959666,9931845,20756570,1553053,14475933,10609567,23202960,1575909,15764900,11236662,25824632,1635337,17342179,14189910,36918932,1668662,22633092,14877737,40417739,1733298,24747497,15418995,43661730,1773981,26532478,15785247,48464050,1800541,29529737,16470093,52688584,1857766,31744000,17101916,56031187,1916691,33301597,17316885,58748637,1949488,35675445
"세액공제",소계,-,1964830,-,639380,6614029,2166848,1261573,672138,7744018,2455935,1335920,716337,7973038,2512048,1401213,763680,8533081,2384431,1424930,775697,9234075,2666699,1510769,823648,9924404,2920706,1546668,846408,10561963,3188012,1569152,864248,11071591,3414885,1627992,900928,14004320,11274405,1660669,3148274,14784785,11932224,1725149,3301174,15400655,12620515,1765995,3403301,15776437,13429687,1794266,3601805,16462143,13776745,1852728,3514751,17097289,14152712,1913485,3514683,17312741,13793692,1946535,3393613
"세액공제",근로소득세액공제,6100203,1906707,1189671,594829,6614029,2106686,1261573,627808,7744018,2390033,1335920,665057,7973038,2427166,1401213,696035,8533081,2295564,1424930,702808,9234075,2576482,1510769,750216,9924404,2830430,1546668,769470,10561955,3089889,1569152,782004,11071566,3310605,1627992,812087,14004318,5406693,1660669,855870,14784780,5707011,1725149,866636,15400650,6081300,1765995,885351,15776431,6440247,1794266,898861,16462139,6771011,1852728,927633,17097287,7195585,1913485,957707,17312734,7207486,1946535,973795
"세액공제",자녀세액공제,-,-,-,-,-,-,-,-,-,-,-,-,-,-,-,-,-,-,-,-,-,-,-,-,-,-,-,-,-,-,-,-,-,-,-,-,3724170,956981,989882,289580,3748408,987007,1007736,293576,3752153,987094,1009522,291327,3734969,991610,999687,289489,3704943,925189,1002377,275061,2847948,661963,871229,219454,2786830,642611,857829,213827
"세액공제",연금계좌세액공제(공제대상),-,-,-,-,-,-,-,-,-,-,-,-,-,-,-,-,-,-,-,-,-,-,-,-,-,-,-,-,-,-,-,-,-,-,-,-,2379427,6143771,1014849,3187022,2451219,6639980,1071207,3725207,2390853,6694284,1067457,3745647,2505823,6993989,1088479,3861660,2566462,7319554,1104657,4032071,2650647,7669666,1118118,4184029,2743569,8469136,1139160,4606332
"세액공제",연금계좌세액공제(공제세액),-,-,-,-,-,-,-,-,-,-,-,-,-,-,-,-,-,-,-,-,-,-,-,-,-,-,-,-,-,-,-,-,-,-,-,-,2379427,789826,1014849,382618,2449982,841801,1071191,447161,2390049,846372,1067439,449582,2505823,881560,1088479,463470,2566462,920933,1104657,483905,2650647,965255,1118118,502131,2743569,1064416,1139160,552792
"세액공제",보험료세액공제(공제대상),-,-,-,-,-,-,-,-,-,-,-,-,-,-,-,-,-,-,-,-,-,-,-,-,-,-,-,-,-,-,-,-,-,-,-,-,7695994,6966652,1576541,1521904,8135106,7435522,1637089,1586345,8693414,7961215,1681816,1633211,9218571,8437747,1708845,1659195,9817502,8897356,1763669,1710135,10539704,9564877,1821418,1770181,10945304,9924375,1852668,1806190
"세액공제",보험료세액공제(공제세액),-,-,-,-,-,-,-,-,-,-,-,-,-,-,-,-,-,-,-,-,-,-,-,-,-,-,-,-,-,-,-,-,-,-,-,-,7695994,836419,1576541,182764,8135106,892808,1637089,190519,8693414,955880,1681816,196126,9218571,1013052,1708845,199226,9817502,1068087,1763669,205319,10539704,1148436,1821418,212589,10945304,1191779,1852668,216969
"세액공제",의료비세액공제(공제대상),-,-,-,-,-,-,-,-,-,-,-,-,-,-,-,-,-,-,-,-,-,-,-,-,-,-,-,-,-,-,-,-,-,-,-,-,2832187,5716482,642612,2209981,2960600,6083432,657426,2304478,3270584,6955083,703830,2589937,3491306,5638919,715246,2021638,3947177,9357544,737343,2860239,4132947,9657446,748096,2915033,3648041,8717351,638069,2423744
"세액공제",의료비세액공제(공제세액),-,-,-,-,-,-,-,-,-,-,-,-,-,-,-,-,-,-,-,-,-,-,-,-,-,-,-,-,-,-,-,-,-,-,-,-,2832187,857473,642612,331497,2960600,912515,657426,345672,3270584,1043263,703830,388491,3491306,1127784,715246,404328,3658486,1208670,737235,428590,3883063,1263165,748001,437000,3394846,1039664,637960,363055
"세액공제",교육비세액공제(공제대상),-,-,-,-,-,-,-,-,-,-,-,-,-,-,-,-,-,-,-,-,-,-,-,-,-,-,-,-,-,-,-,-,-,-,-,-,2492202,7452304,994736,4075971,2541984,7523091,1009036,4096915,2595098,7634394,1017989,4120202,2987053,8091686,1041258,4086896,3053765,8018142,1053397,4001592,3169186,7802699,1062945,3829936,2552922,5991058,837952,3051896
"세액공제",교육비세액공제(공제세액),-,-,-,-,-,-,-,-,-,-,-,-,-,-,-,-,-,-,-,-,-,-,-,-,-,-,-,-,-,-,-,-,-,-,-,-,2492202,1117846,994736,611396,2541984,1128464,1009036,614537,2595098,1145159,1017989,618030,2987053,1213753,1041258,613034,3053765,1202721,1053397,600239,3169186,1170405,1062945,574490,2552922,898659,837952,457784
"세액공제",기부금세액공제(공제대상),-,-,-,-,-,-,-,-,-,-,-,-,-,-,-,-,-,-,-,-,-,-,-,-,-,-,-,-,-,-,-,-,-,-,-,-,4152426,4372419,1400432,2418864,4412626,5115485,1449751,2774411,4593851,5506582,1477718,2947708,4802115,5726216,1492387,2968028,5011068,5986447,1523769,3026609,5299579,6259202,1551700,3069095,5546222,6266408,1583288,3045552
"세액공제",기부금세액공제(공제세액),-,-,-,-,-,-,-,-,-,-,-,-,-,-,-,-,-,-,-,-,-,-,-,-,-,-,-,-,-,-,-,-,-,-,-,-,4152442,683661,1400432,382907,4412624,788302,1449751,430361,4593851,853064,1477718,461399,4802115,887848,1492387,464979,5011068,932949,1523769,480571,5299579,988364,1551700,502872,5546222,998326,1583288,506351
"세액공제",표준세액공제,-,-,-,-,-,-,-,-,-,-,-,-,-,-,-,-,-,-,-,-,-,-,-,-,-,-,-,-,-,-,-,-,-,-,-,-,4877265,469994,5773,750,5268719,504669,5581,724,5336727,526302,5207,676,5154995,520914,5053,656,5194141,525069,4303,558,5180788,522897,4996,648,4975434,495007,4633,601
"세액공제",납세조합공제,9713,2145,2981,1864,11325,2504,3268,2057,9388,3820,3288,3254,10475,4302,5166,3812,12150,4759,6622,4316,12336,4456,5833,3857,11476,3901,5688,3241,11508,4714,5692,4052,10668,4523,5117,3943,10092,7804,5059,6966,13308,8739,7188,7870,10814,8808,5513,7964,10425,37209,5660,36460,9099,11301,4812,10567,10100,4822,5462,4396,10936,7429,6371,7020
"세액공제",주택차입금세액공제,8136,2079,2034,674,6839,1898,2017,705,6488,2282,2004,939,5921,2037,1466,810,4826,1414,1138,581,5878,1834,1124,653,4328,1359,785,465,3689,1113,593,298,2819,817,442,225,4534,1770,614,460,4389,1785,783,516,2875,1204,350,280,2532,1163,261,239,2435,1210,222,215,2281,1214,187,222,1936,923,146,167
"세액공제",기부 정치자금 세액공제,228155,21181,104326,10126,305912,27992,155445,14988,298456,25047,145729,12862,373935,31325,187081,16448,349137,29290,170070,15071,349123,29088,165994,14673,259147,21532,120579,10601,309609,25507,134564,11777,280761,23432,116130,10233,**,**,**,**,-,-,-,-,-,-,-,-,-,-,-,-,-,-,-,-,-,-,-,-,-,-,-,-
"세액공제",외국납부세액공제,10062,32718,6049,31887,18521,27768,8646,26580,6241,34753,5081,34225,6764,47218,5815,46575,7363,53404,6451,52922,7976,54839,6961,54249,8973,63483,7868,62631,9615,66789,8425,66115,10991,75508,9428,74440,12117,104445,10515,102849,12448,104899,10873,103495,11458,105382,10006,104014,10027,232441,8757,231005,10609,103952,9020,102049,10513,105849,8553,103130,9132,103362,7375,101222
"세액공제",월세액세액공제(공제대상),-,-,-,-,-,-,-,-,-,-,-,-,-,-,-,-,-,-,-,-,-,-,-,-,-,-,-,-,-,-,-,-,-,-,-,-,162484,414925,1613,6182,204873,542227,293,1055,244763,666875,184,607,293694,820990,137,515,339762,910511,116,432,400265,1073406,99,406,537064,1239197,83,276
"세액공제",월세액세액공제(공제세액),-,-,-,-,-,-,-,-,-,-,-,-,-,-,-,-,-,-,-,-,-,-,-,-,-,-,-,-,-,-,-,-,-,-,-,-,162484,41492,1613,618,204873,54223,293,106,244763,66687,184,61,293694,82099,137,52,339762,105653,116,45,400265,124757,99,43,537064,144030,83,29
"세액감면",소계,-,13925,-,13352,2116,14034,785,12649,3161,16123,884,14170,3430,20594,1107,19087,3721,26438,1437,25101,3511,40638,1408,38219,4158,33996,1370,31108,63644,43737,1288,23595,186023,122442,1379,20994,310126,246732,1703,19709,383126,232671,1683,18977,395249,187361,1207,7784,399081,197568,1247,5093,783969,604073,3614,7141,953203,777391,5084,9370,992216,790885,6314,11244
"세액감면",소득세법상 세액감면,267,335,26,257,214,309,20,219,296,518,19,402,450,854,26,637,491,1463,93,1291,541,774,43,495,607,1649,45,1419,409,539,23,375,279,642,22,442,242,446,10,262,91,52,3,1,167,95,-,-,95,64,-,-,65,49,-,-,63,45,-,-,66,62,1,-
"세액감면",조특법상 기타 세액감면,1618,13590,864,13095,1902,13725,765,12430,2868,15605,865,13768,2980,19740,1081,18450,3270,24975,1350,23809,2974,39864,1365,37725,3553,32347,1325,29689,61801,41250,1167,22455,184038,119353,1278,19707,4246,17003,1079,14261,1379,10662,822,10012,501,2636,270,2406,117,789,57,743,128,691,42,616,11944,2237,207,813,16378,3224,443,1028
"세액감면",조특법상중소기업취업 세액감면,-,-,-,-,-,-,-,-,-,-,-,-,-,-,-,-,-,-,-,-,-,-,-,-,-,-,-,-,-,-,-,-,-,-,-,-,304401,226494,518,4239,380282,219279,763,7881,393299,181670,839,4151,397311,193449,1094,3036,782234,600099,3496,5299,943665,771537,4781,6987,979875,783917,5773,8434
"세액감면",조세조약상세액감면,-,-,-,-,-,-,-,-,-,-,-,-,-,-,-,-,-,-,-,-,-,-,-,-,-,-,-,-,1458,1949,100,766,1714,2447,80,845,1813,2789,99,947,1404,2677,95,1083,1308,2960,98,1227,1569,3267,96,1314,1552,3235,76,1226,1660,3571,98,1570,1479,3683,102,1782
"결정세액",소계,6087750,9778203,1188687,7545836,6600861,11566378,1260543,8635674,7732366,14113796,1334818,10483908,7959515,14182145,1400911,10713873,8516817,12851857,1424472,9964831,9221497,15586275,1513952,12097799,9917982,17801868,1550760,13598416,10536808,19971211,1573488,14877057,11054506,22287305,1632654,16420256,8663243,25397795,1660706,19465109,9229164,28252845,1726830,21427347,9998156,30853854,1767957,23121394,10614732,34836794,1795614,25922839,11358784,38307766,1853444,28222108,12112622,41101084,1912767,29777545,12240163,44164060,1946070,32270588
"기납부 세액",소계,8255712,13687447,1186225,9343825,8798923,14697658,1261236,9965080,9784261,16940805,1334330,11494202,10526433,17963167,1402034,12205782,11028162,16595026,1426526,11517002,11818263,18939414,1514594,13438690,12523540,21598549,1551222,15101416,12844549,23215717,1574238,15969074,12945749,25122943,1633547,17395220,13299122,28216081,1665915,19626580,14024155,31461185,1730356,21775120,14473310,34545830,1767720,23591581,14848644,38606620,1797182,26204583,15549071,42574228,1854201,28558271,16145922,45592858,1912958,30243722,16499651,49452092,1945501,32889170
"납부특례세액",소계,-,-,-,-,-,-,-,-,-,-,-,-,-,-,-,-,-,-,-,-,-,-,-,-,-,-,-,-,-,-,-,-,-,-,-,-,701,2573,41,2298,329,380,28,254,302,4597,93,4487,298,11912,153,11823,223,8579,107,8520,156,10875,66,10845,319,17414,160,17297
"환급세액",소계,7010952,4554981,870949,2317434,7433034,3841074,1003292,1840817,7810296,3928696,996921,1799541,8775694,4584552,1081562,2038589,9310215,-4544111,1135698,-2127942,9665351,4315574,1143154,2006107,10152709,4888754,1134204,2234154,9898750,4668103,1060392,2012599,9384119,4533935,1053862,1994654,10881356,4913309,987997,1658600,11404903,5390964,1017160,1856117,11833127,6038804,1079418,2077578,12003526,6577047,1118574,2236622,12508569,7243074,1139135,2351045,12839616,7715411,1187559,2603997,13455055,8551507,1217594,2837198
"납부할세액",소계,1454018,645737,318068,519445,1608720,709794,258477,511411,2449854,1101687,339286,789247,2181546,803547,317706,546683,2277037,800938,288754,575775,2721824,962430,357739,665219,2935160,1092067,379159,731157,3547690,1423586,472129,920583,4331268,1698285,520712,1019693,2657476,2092453,631482,1494832,2843498,2182247,643153,1508091,3001161,2342238,612109,1602905,3219519,2795318,599444,1943056,3513727,2968043,642867,2006364,3808972,3212770,658942,2126975,3511258,3246074,636809,2201321
